jeremie@von.com,96.7502946550806
abner_klein@larkin.com,15.53031326304234
martina@hyattmedhurst.net,74.27099062618002
bettye_gutmann@blanda.org,33.12095826779834
theodore_nolan@kilback.net,63.36010706683157
lonny_schneider@mann.org,48.250054704144624
narciso.rodriguez@littleharris.info,51.340912182375774
theron@beerstiedemann.org,15.110777644330515
darryl_gulgowski@schimmel.com,2.640128597088197
omari_douglas@gleichner.name,66.79017479021027
bulah@trantow.info,17.480412029580183
demetrius_mosciski@rohan.net,42.23063914700354
perry@beckerward.com,79.24060785208958
gilbert@kemmerbatz.biz,36.54065294119522
trisha.mclaughlin@blanda.info,40.74004988796827
eulah@gerlachwiegand.name,25.710462139810105
sarina.koelpin@aufderhar.biz,73.69001341432036
